datetime,funding_hourly,premium
2026-07-10 19:00:00.029000+00:00,1.08057e-05,-0.0004135546
2026-07-10 20:00:00.039000+00:00,7.3465e-06,-0.0004412276
2026-07-10 21:00:00.032000+00:00,1.25e-05,-0.0003420772
2026-07-10 22:00:00.008000+00:00,1.25e-05,-0.0003484619
2026-07-10 23:00:00.054000+00:00,9.0435e-06,-0.000427652
2026-07-11 00:00:00.046000+00:00,5.9922e-06,-0.0004520627
2026-07-11 01:00:00.003000+00:00,6.7648e-06,-0.0004458812
2026-07-11 02:00:00.086000+00:00,8.2968e-06,-0.0004336255
2026-07-11 03:00:00.061000+00:00,3.6748e-06,-0.0004706019
2026-07-11 04:00:00+00:00,1.06193e-05,-0.0004150455
2026-07-11 05:00:00.014000+00:00,1.12906e-05,-0.0004096749
2026-07-11 06:00:00.004000+00:00,8.8592e-06,-0.0004291267
2026-07-11 07:00:00.002000+00:00,1.25e-05,-0.0003844804
2026-07-11 08:00:00.047000+00:00,1.25e-05,-0.0003842479
2026-07-11 09:00:00.015000+00:00,1.02699e-05,-0.0004178411
2026-07-11 10:00:00.064000+00:00,6.0573e-06,-0.0004515419
2026-07-11 11:00:00.007000+00:00,1.25e-05,-0.0003621184
2026-07-11 12:00:00.045000+00:00,1.25e-05,-0.0003767735
2026-07-11 13:00:00.057000+00:00,1.25e-05,-0.0003699626
2026-07-11 14:00:00.068000+00:00,1.25e-05,-0.0003980223
2026-07-11 15:00:00.046000+00:00,1.25e-05,-0.0003120587
2026-07-11 16:00:00.012000+00:00,5.0581e-06,-0.0004595354
2026-07-11 17:00:00.042000+00:00,9.3749e-06,-0.0004250008
2026-07-11 18:00:00.014000+00:00,1.25e-05,-0.0003464011
2026-07-11 19:00:00.040000+00:00,1.25e-05,-0.0003278286
2026-07-11 20:00:00.027000+00:00,1.25e-05,-0.0003190878
2026-07-11 21:00:00.018000+00:00,1.25e-05,-0.0003030134
2026-07-11 22:00:00.055000+00:00,1.25e-05,-0.0003716242
2026-07-11 23:00:00+00:00,1.07174e-05,-0.0004142605
2026-07-12 00:00:00.016000+00:00,4.0208e-06,-0.0004678337
2026-07-12 01:00:00.039000+00:00,5.7888e-06,-0.0004536899
2026-07-12 02:00:00.006000+00:00,1.18221e-05,-0.0004054235
2026-07-12 03:00:00.028000+00:00,1.20157e-05,-0.0004038743
2026-07-12 04:00:00.023000+00:00,1.25e-05,-0.000378536
2026-07-12 05:00:00.029000+00:00,1.2265e-05,-0.0004018802
2026-07-12 06:00:00.033000+00:00,1.25e-05,-0.0003858554
2026-07-12 07:00:00.036000+00:00,1.25e-05,-0.0003975242
2026-07-12 08:00:00.016000+00:00,8.4337e-06,-0.0004325301
2026-07-12 09:00:00.011000+00:00,9.6824e-06,-0.0004225408
2026-07-12 10:00:00.018000+00:00,4.7617e-06,-0.0004619062
2026-07-12 11:00:00.026000+00:00,5.5884e-06,-0.0004552926
2026-07-12 12:00:00.051000+00:00,-1.7909e-06,-0.0005143275
2026-07-12 13:00:00.002000+00:00,8.5045e-06,-0.0004319642
2026-07-12 14:00:00.005000+00:00,1.25e-05,-0.0003614466
2026-07-12 15:00:00.049000+00:00,1.25e-05,-0.000332785
2026-07-12 16:00:00.038000+00:00,1.25e-05,-0.0003957575
2026-07-12 17:00:00.033000+00:00,8.8529e-06,-0.0004291769
2026-07-12 18:00:00.074000+00:00,1.12215e-05,-0.0004102283
2026-07-12 19:00:00.028000+00:00,1.25e-05,-0.0003923856
2026-07-12 20:00:00.131000+00:00,1.17965e-05,-0.0004056279
2026-07-12 21:00:00.020000+00:00,8.5203e-06,-0.0004318377
2026-07-12 22:00:00.022000+00:00,8.0992e-06,-0.0004352067
2026-07-12 23:00:00.070000+00:00,1.0405e-06,-0.0004916763
2026-07-13 00:00:00.059000+00:00,8.759e-07,-0.0004929927
2026-07-13 01:00:00.019000+00:00,4.8729e-06,-0.0004610171
2026-07-13 02:00:00.075000+00:00,1.25e-05,-0.0003825739
2026-07-13 03:00:00.046000+00:00,8.5403e-06,-0.0004316773
2026-07-13 04:00:00.053000+00:00,1.25e-05,-0.0003774239
2026-07-13 05:00:00.041000+00:00,1.05557e-05,-0.0004155546
2026-07-13 06:00:00.026000+00:00,1.08589e-05,-0.0004131286
2026-07-13 07:00:00.058000+00:00,1.07992e-05,-0.0004136061
2026-07-13 08:00:00.019000+00:00,1.07623e-05,-0.0004139017
2026-07-13 09:00:00.001000+00:00,1.25e-05,-0.0003828588
2026-07-13 10:00:00.032000+00:00,1.24506e-05,-0.0004003949
2026-07-13 11:00:00.001000+00:00,1.25e-05,-0.0003893911
2026-07-13 12:00:00.048000+00:00,1.25e-05,-0.0003407449
2026-07-13 13:00:00.014000+00:00,1.25e-05,-0.0003079338
2026-07-13 14:00:00.010000+00:00,1.25e-05,-0.0003846466
2026-07-13 15:00:00.082000+00:00,8.5816e-06,-0.0004313471
2026-07-13 16:00:00.032000+00:00,1.25e-05,-0.0003362835
2026-07-13 17:00:00.052000+00:00,1.25e-05,-0.000376106
2026-07-13 18:00:00.052000+00:00,1.25e-05,-0.0003931598
2026-07-13 19:00:00.116000+00:00,7.4225e-06,-0.0004406198
2026-07-13 20:00:00.071000+00:00,9.028e-06,-0.0004277757
2026-07-13 21:00:00.041000+00:00,1.1532e-05,-0.0004077441
2026-07-13 22:00:00.060000+00:00,1.25e-05,-0.0003786244
2026-07-13 23:00:00.021000+00:00,6.4678e-06,-0.0004482574
2026-07-14 00:00:00.011000+00:00,5.7123e-06,-0.0004543015
2026-07-14 01:00:00.018000+00:00,-4.5646e-06,-0.0005365166
2026-07-14 02:00:00.032000+00:00,-6.7662e-06,-0.0005541294
2026-07-14 03:00:00.017000+00:00,-2.8221e-06,-0.000522577
2026-07-14 04:00:00.061000+00:00,3.065e-07,-0.0004975481
2026-07-14 05:00:00.064000+00:00,-7.856e-07,-0.0005062847
2026-07-14 06:00:00.074000+00:00,-8.67e-07,-0.0005069356
2026-07-14 07:00:00.044000+00:00,1.307e-07,-0.0004989544
2026-07-14 08:00:00.009000+00:00,8.2388e-06,-0.0004340899
2026-07-14 09:00:00.061000+00:00,1.25e-05,-0.0003719817
2026-07-14 10:00:00.113000+00:00,1.25e-05,-0.0003255869
2026-07-14 11:00:00.030000+00:00,1.25e-05,-0.0002432547
2026-07-14 12:00:00.008000+00:00,1.25e-05,-0.0002515516
2026-07-14 13:00:00.028000+00:00,1.25e-05,-0.0002430889
2026-07-14 14:00:00.012000+00:00,1.25e-05,-0.0002447253
2026-07-14 15:00:00.038000+00:00,1.25e-05,-0.0001816505
2026-07-14 16:00:00.005000+00:00,1.25e-05,-0.0002347301
2026-07-14 17:00:00.042000+00:00,1.25e-05,-0.0002291366
2026-07-14 18:00:00.013000+00:00,1.25e-05,-0.0001947791
2026-07-14 19:00:00.021000+00:00,1.25e-05,-0.0002616983
2026-07-14 20:00:00.027000+00:00,1.25e-05,-0.0002832444
2026-07-14 21:00:00.003000+00:00,1.25e-05,-0.0002383895
2026-07-14 22:00:00.007000+00:00,1.25e-05,-0.0002547425
2026-07-14 23:00:00.049000+00:00,1.25e-05,-0.0003017435
2026-07-15 00:00:00.046000+00:00,1.25e-05,-0.0003207732
2026-07-15 01:00:00.032000+00:00,1.25e-05,-0.00026639
2026-07-15 02:00:00.028000+00:00,1.25e-05,-0.0002631799
2026-07-15 03:00:00.041000+00:00,1.25e-05,-0.0002547947
2026-07-15 04:00:00.005000+00:00,1.25e-05,-0.0002628537
2026-07-15 05:00:00.066000+00:00,1.25e-05,-0.0002185534
2026-07-15 06:00:00.025000+00:00,1.25e-05,-9.7155e-05
2026-07-15 07:00:00.039000+00:00,1.25e-05,-0.0001168861
2026-07-15 08:00:00.024000+00:00,1.25e-05,-0.0001483814
2026-07-15 09:00:00.018000+00:00,1.25e-05,-0.0001547129
2026-07-15 10:00:00.013000+00:00,1.25e-05,-0.0001543562
2026-07-15 11:00:00.002000+00:00,1.25e-05,-0.000186282
2026-07-15 12:00:00.055000+00:00,1.25e-05,-0.0001498185
2026-07-15 13:00:00.042000+00:00,1.25e-05,-0.0001124968
2026-07-15 14:00:00.050000+00:00,1.25e-05,-9.79842e-05
2026-07-15 15:00:00.004000+00:00,1.25e-05,-9.61268e-05
2026-07-15 16:00:00.009000+00:00,1.25e-05,-0.000131217
2026-07-15 17:00:00.031000+00:00,1.25e-05,-0.000196277
2026-07-15 18:00:00.023000+00:00,1.25e-05,-0.0001784326
2026-07-15 19:00:00.063000+00:00,1.25e-05,-0.0001269014
2026-07-15 20:00:00.068000+00:00,1.25e-05,-0.0001201536
2026-07-15 21:00:00.027000+00:00,1.25e-05,-0.0001227973
2026-07-15 22:00:00.016000+00:00,1.25e-05,-0.0002068413
2026-07-15 23:00:00.034000+00:00,1.25e-05,-0.0001709881
2026-07-16 00:00:00.034000+00:00,1.25e-05,-0.0001731705
2026-07-16 01:00:00.054000+00:00,1.25e-05,-0.0001535594
2026-07-16 02:00:00.027000+00:00,1.25e-05,-0.0002010071
2026-07-16 03:00:00.033000+00:00,1.25e-05,-0.0002536051
2026-07-16 04:00:00.056000+00:00,1.25e-05,-0.0002436971
2026-07-16 05:00:00.122000+00:00,1.25e-05,-0.0002275751
2026-07-16 06:00:00.066000+00:00,1.25e-05,-0.0002278286
2026-07-16 07:00:00.042000+00:00,1.25e-05,-0.0001913998
2026-07-16 08:00:00.015000+00:00,1.25e-05,-0.000151433
2026-07-16 09:00:00.017000+00:00,1.25e-05,-0.0001530618
2026-07-16 10:00:00.008000+00:00,1.25e-05,-0.0001258548
2026-07-16 11:00:00.020000+00:00,1.25e-05,-0.0001569067
2026-07-16 12:00:00.028000+00:00,1.25e-05,-0.0001543656
2026-07-16 13:00:00.050000+00:00,1.25e-05,-0.0001807907
2026-07-16 14:00:00.054000+00:00,1.25e-05,-0.0001961128
2026-07-16 15:00:00.016000+00:00,1.25e-05,-0.0001963967
2026-07-16 16:00:00.041000+00:00,1.25e-05,-0.0002142434
2026-07-16 17:00:00+00:00,1.25e-05,-0.0002161009
2026-07-16 18:00:00.011000+00:00,1.25e-05,-0.0002137797
2026-07-16 19:00:00.031000+00:00,1.25e-05,-0.0001219785
2026-07-16 20:00:00.030000+00:00,1.25e-05,-0.0001840876
2026-07-16 21:00:00.011000+00:00,1.25e-05,-0.0002191001
2026-07-16 22:00:00.008000+00:00,1.25e-05,-0.0001686989
2026-07-16 23:00:00.017000+00:00,1.25e-05,-0.00028464
2026-07-17 00:00:00.018000+00:00,1.25e-05,-0.0002373159
2026-07-17 01:00:00.021000+00:00,1.25e-05,-0.0002643947
2026-07-17 02:00:00.001000+00:00,1.25e-05,-0.0001943996
2026-07-17 03:00:00.017000+00:00,1.25e-05,-0.0002004361
2026-07-17 04:00:00.041000+00:00,1.25e-05,-0.0001785122
2026-07-17 05:00:00.052000+00:00,1.25e-05,-0.0002286095
2026-07-17 06:00:00.032000+00:00,1.25e-05,-0.0002168124
2026-07-17 07:00:00.072000+00:00,1.25e-05,-0.0001310869
2026-07-17 08:00:00.065000+00:00,1.25e-05,-0.0001246001
2026-07-17 09:00:00.031000+00:00,1.25e-05,-0.0001572909
2026-07-17 10:00:00.070000+00:00,1.25e-05,-0.0001460478
2026-07-17 11:00:00.020000+00:00,1.25e-05,-0.0001557053
2026-07-17 12:00:00.011000+00:00,1.25e-05,-0.00018417
2026-07-17 13:00:00.060000+00:00,1.25e-05,-0.0001990405
2026-07-17 14:00:00.111000+00:00,1.25e-05,-0.0002205718
2026-07-17 15:00:00.050000+00:00,1.25e-05,-0.0001618056
2026-07-17 16:00:00.048000+00:00,1.25e-05,-0.0001279444
2026-07-17 17:00:00.062000+00:00,1.25e-05,-0.0001168406
2026-07-17 18:00:00.022000+00:00,1.25e-05,-0.0001803221
2026-07-17 19:00:00.025000+00:00,1.25e-05,-0.0001635721
2026-07-17 20:00:00.039000+00:00,1.25e-05,-0.0001755477
2026-07-17 21:00:00.065000+00:00,1.25e-05,-9.0987e-05
2026-07-17 22:00:00.069000+00:00,1.25e-05,-0.0002716934
2026-07-17 23:00:00.041000+00:00,1.25e-05,-0.0003409278
2026-07-18 00:00:00.082000+00:00,1.25e-05,-0.0002523312
2026-07-18 01:00:00.081000+00:00,1.25e-05,-0.0002910074
2026-07-18 02:00:00.013000+00:00,1.25e-05,-0.0003739977
2026-07-18 03:00:00.008000+00:00,1.15154e-05,-0.0004078764
2026-07-18 04:00:00.021000+00:00,1.25e-05,-0.0002893755
2026-07-18 05:00:00.016000+00:00,1.25e-05,-0.0003169796
2026-07-18 06:00:00.028000+00:00,1.25e-05,-0.0002762091
2026-07-18 07:00:00.025000+00:00,1.25e-05,-0.0003058806
2026-07-18 08:00:00.019000+00:00,1.25e-05,-0.0002710455
2026-07-18 09:00:00.040000+00:00,1.25e-05,-0.0002729598
2026-07-18 10:00:00.020000+00:00,1.25e-05,-0.0002517604
2026-07-18 11:00:00.039000+00:00,1.25e-05,-0.0002593263
2026-07-18 12:00:00.044000+00:00,1.25e-05,-0.0002452714
2026-07-18 13:00:00.006000+00:00,1.25e-05,-0.0003086439
2026-07-18 14:00:00.061000+00:00,1.25e-05,-0.0003191053
2026-07-18 15:00:00.024000+00:00,1.25e-05,-0.0002738876
2026-07-18 16:00:00.043000+00:00,1.25e-05,-0.000273705
2026-07-18 17:00:00.035000+00:00,1.25e-05,-0.000257641
2026-07-18 18:00:00.031000+00:00,1.25e-05,-0.000278256
2026-07-18 19:00:00.033000+00:00,1.25e-05,-0.0003086446
2026-07-18 20:00:00.016000+00:00,1.25e-05,-0.0003046821
2026-07-18 21:00:00.006000+00:00,1.25e-05,-0.0002431966
2026-07-18 22:00:00.011000+00:00,1.25e-05,-0.0002735917
2026-07-18 23:00:00.009000+00:00,1.25e-05,-0.0002383025
2026-07-19 00:00:00.030000+00:00,1.25e-05,-0.0002128699
2026-07-19 01:00:00.044000+00:00,1.25e-05,-0.0001326324
2026-07-19 02:00:00.055000+00:00,1.25e-05,-6.80664e-05
2026-07-19 03:00:00.022000+00:00,1.25e-05,-0.0001131776
2026-07-19 04:00:00.031000+00:00,1.25e-05,-0.000106926
2026-07-19 05:00:00.043000+00:00,1.25e-05,-6.9447e-05
2026-07-19 06:00:00.032000+00:00,1.25e-05,-0.0001427446
2026-07-19 07:00:00.047000+00:00,1.25e-05,-0.0001388982
2026-07-19 08:00:00.093000+00:00,1.25e-05,-0.0002130976
2026-07-19 09:00:00.026000+00:00,1.25e-05,-0.0001403858
2026-07-19 10:00:00.030000+00:00,1.25e-05,-0.000147097
2026-07-19 11:00:00.033000+00:00,1.25e-05,-0.0001717353
2026-07-19 12:00:00.037000+00:00,1.25e-05,-0.0002099729
2026-07-19 13:00:00.014000+00:00,1.25e-05,-0.0001882234
2026-07-19 14:00:00.135000+00:00,1.25e-05,-0.0001639643
2026-07-19 15:00:00.019000+00:00,1.25e-05,-0.0002708879
2026-07-19 16:00:00.007000+00:00,1.25e-05,-0.0002292573
2026-07-19 17:00:00.043000+00:00,1.25e-05,-0.0002356143
2026-07-19 18:00:00.049000+00:00,8.3278e-06,-0.0004333773
2026-07-19 19:00:00.049000+00:00,-1.29556e-05,-0.0006036451
2026-07-19 20:00:00.010000+00:00,6.1222e-06,-0.0004510222
2026-07-19 21:00:00.026000+00:00,1.25e-05,-0.0003710306
2026-07-19 22:00:00.049000+00:00,1.25e-05,-0.0002706166
2026-07-19 23:00:00.014000+00:00,1.25e-05,-0.0002385927
2026-07-20 00:00:00.034000+00:00,1.25e-05,-0.0003148677
2026-07-20 01:00:00.063000+00:00,1.25e-05,-0.0002583725
2026-07-20 02:00:00.052000+00:00,1.25e-05,-0.0002322636
2026-07-20 03:00:00.046000+00:00,1.25e-05,-0.0001922025
2026-07-20 04:00:00.011000+00:00,1.25e-05,-0.0002281032
2026-07-20 05:00:00.027000+00:00,1.25e-05,-0.0002698659
2026-07-20 06:00:00.047000+00:00,1.25e-05,-0.0003234167
2026-07-20 07:00:00.008000+00:00,1.25e-05,-0.0003226552
2026-07-20 08:00:00.058000+00:00,1.25e-05,-0.0002064145
2026-07-20 09:00:00.029000+00:00,1.25e-05,-0.0001983324
2026-07-20 10:00:00.029000+00:00,1.25e-05,-0.000190653
2026-07-20 11:00:00+00:00,1.25e-05,-0.0001498843
2026-07-20 12:00:00+00:00,1.25e-05,-0.0001516639
2026-07-20 13:00:00.047000+00:00,1.25e-05,-0.0002646795
2026-07-20 14:00:00.049000+00:00,1.25e-05,-0.0002563497
2026-07-20 15:00:00.053000+00:00,1.25e-05,-0.0002840954
2026-07-20 16:00:00.104000+00:00,1.25e-05,-0.0002491414
2026-07-20 17:00:00.046000+00:00,1.25e-05,-0.0002665587
2026-07-20 18:00:00.027000+00:00,1.25e-05,-0.0003984657
2026-07-20 19:00:00.035000+00:00,1.25e-05,-0.0003596162
2026-07-20 20:00:00.008000+00:00,1.25e-05,-0.0003240372
2026-07-20 21:00:00.006000+00:00,1.25e-05,-0.0003693477
2026-07-20 22:00:00.003000+00:00,1.25e-05,-0.0003315927
2026-07-20 23:00:00.048000+00:00,1.25e-05,-0.0003855145
2026-07-21 00:00:00.040000+00:00,1.25e-05,-0.0003328598
2026-07-21 01:00:00.005000+00:00,1.25e-05,-0.0002780062
2026-07-21 02:00:00.036000+00:00,1.25e-05,-0.0002484957
2026-07-21 03:00:00.030000+00:00,1.25e-05,-0.0002289521
2026-07-21 04:00:00.001000+00:00,1.25e-05,-7.36449e-05
2026-07-21 05:00:00.004000+00:00,1.25e-05,-3.00961e-05
2026-07-21 06:00:00.043000+00:00,1.25e-05,-3.03468e-05
2026-07-21 07:00:00.034000+00:00,1.25e-05,-7.55318e-05
2026-07-21 08:00:00.035000+00:00,1.25e-05,-9.90676e-05
2026-07-21 09:00:00.044000+00:00,1.25e-05,-0.0001547064
2026-07-21 10:00:00.032000+00:00,1.25e-05,-0.0002172998
2026-07-21 11:00:00.043000+00:00,1.25e-05,-0.0002068931
2026-07-21 12:00:00.029000+00:00,1.25e-05,-0.000247158
2026-07-21 13:00:00.025000+00:00,1.25e-05,-0.0001879668
2026-07-21 14:00:00.062000+00:00,1.25e-05,-0.00018759
2026-07-21 15:00:00.021000+00:00,1.25e-05,-0.0001805337
2026-07-21 16:00:00.022000+00:00,1.25e-05,-0.0001040284
2026-07-21 17:00:00.028000+00:00,1.25e-05,-9.93839e-05
2026-07-21 18:00:00.028000+00:00,1.25e-05,-0.0001156312
2026-07-21 19:00:00.068000+00:00,1.25e-05,-4.94671e-05
2026-07-21 20:00:00.059000+00:00,1.25e-05,-5.14423e-05
2026-07-21 21:00:00.047000+00:00,1.25e-05,-9.65524e-05
2026-07-21 22:00:00.051000+00:00,1.25e-05,-0.0003107268
2026-07-21 23:00:00.023000+00:00,1.25e-05,-0.000119423
2026-07-22 00:00:00.025000+00:00,1.25e-05,-7.36898e-05
2026-07-22 01:00:00.013000+00:00,1.25e-05,-9.39586e-05
2026-07-22 02:00:00.091000+00:00,1.25e-05,-0.0001585787
2026-07-22 03:00:00.043000+00:00,-4.258e-06,-0.0005340643
2026-07-22 04:00:00.052000+00:00,1.16828e-05,-0.0004065377
2026-07-22 05:00:00.087000+00:00,1.01841e-05,-0.000418527
2026-07-22 06:00:00.048000+00:00,9.0989e-06,-0.000427209
2026-07-22 07:00:00.019000+00:00,6.6533e-06,-0.0004467734
2026-07-22 08:00:00.039000+00:00,8.7249e-06,-0.0004302008
2026-07-22 09:00:00.028000+00:00,1.25e-05,-0.0003492219
2026-07-22 10:00:00.025000+00:00,1.25e-05,-0.0002724271
2026-07-22 11:00:00.047000+00:00,1.25e-05,-0.0003257437
2026-07-22 12:00:00.037000+00:00,1.25e-05,-0.0003621456
2026-07-22 13:00:00.052000+00:00,1.25e-05,-0.0003544923
2026-07-22 14:00:00.038000+00:00,1.25e-05,-0.0003251351
2026-07-22 15:00:00.018000+00:00,1.25e-05,-0.0003868024
2026-07-22 16:00:00.004000+00:00,1.09482e-05,-0.0004124141
2026-07-22 17:00:00.047000+00:00,1.19793e-05,-0.0004041653
2026-07-22 18:00:00.015000+00:00,1.25e-05,-0.0003784376
2026-07-22 19:00:00.007000+00:00,6.3286e-06,-0.0004493709
2026-07-22 20:00:00.054000+00:00,6.1896e-06,-0.0004504835
2026-07-22 21:00:00.034000+00:00,1.01491e-05,-0.0004188069
2026-07-22 22:00:00.043000+00:00,4.344e-06,-0.0004652479
2026-07-22 23:00:00.077000+00:00,9.8139e-06,-0.000421489
2026-07-23 00:00:00.046000+00:00,1.25e-05,-0.0003884993
2026-07-23 01:00:00.058000+00:00,1.25e-05,-0.0003851122
2026-07-23 02:00:00.049000+00:00,-4.6054e-06,-0.0005368432
2026-07-23 03:00:00.067000+00:00,-7.6141e-06,-0.0005609131
2026-07-23 04:00:00.046000+00:00,-6.6e-08,-0.0005005282
2026-07-23 05:00:00.067000+00:00,2.102e-07,-0.0004983188
2026-07-23 06:00:00.001000+00:00,-1.4222e-06,-0.0005113779
2026-07-23 07:00:00.055000+00:00,4.1197e-06,-0.0004670428
2026-07-23 08:00:00.021000+00:00,1.3985e-06,-0.0004888123
2026-07-23 09:00:00.020000+00:00,5.2788e-06,-0.0004577694
2026-07-23 10:00:00.014000+00:00,2.5816e-06,-0.0004793472
2026-07-23 11:00:00.040000+00:00,8.3509e-06,-0.0004331928
2026-07-23 12:00:00.099000+00:00,9.1054e-06,-0.000427157
2026-07-23 13:00:00.032000+00:00,1.05473e-05,-0.0004156215
2026-07-23 14:00:00.121000+00:00,1.07037e-05,-0.0004143703
2026-07-23 15:00:00.032000+00:00,1.25e-05,-0.0003850948
2026-07-23 16:00:00.001000+00:00,1.25e-05,-0.0003617543
2026-07-23 17:00:00.006000+00:00,6.653e-06,-0.000446776
2026-07-23 18:00:00.046000+00:00,2.7671e-06,-0.0004778634
2026-07-23 19:00:00.048000+00:00,3.984e-07,-0.0004968132
2026-07-23 20:00:00.072000+00:00,6.4802e-06,-0.0004481582
2026-07-23 21:00:00.028000+00:00,1.25e-05,-0.0003947483
2026-07-23 22:00:00.038000+00:00,1.25e-05,-0.0003473089
2026-07-23 23:00:00.033000+00:00,1.19189e-05,-0.0004046487
2026-07-24 00:00:00.021000+00:00,1.16311e-05,-0.0004069511
2026-07-24 01:00:00.060000+00:00,6.5179e-06,-0.0004478564
2026-07-24 02:00:00.004000+00:00,-4.7152e-06,-0.0005377218
2026-07-24 03:00:00.054000+00:00,-9.172e-07,-0.0005073374
2026-07-24 04:00:00.047000+00:00,1.521e-06,-0.0004878321
2026-07-24 05:00:00.044000+00:00,5.7213e-06,-0.0004542292
2026-07-24 06:00:00.049000+00:00,3.7283e-06,-0.0004701736
2026-07-24 07:00:00.012000+00:00,3.0022e-06,-0.0004759823
2026-07-24 08:00:00.029000+00:00,1.17389e-05,-0.0004060888
2026-07-24 09:00:00.044000+00:00,5.9182e-06,-0.0004526544
2026-07-24 10:00:00.051000+00:00,2.2326e-06,-0.0004821392
2026-07-24 11:00:00.034000+00:00,-1.0812e-06,-0.0005086499
2026-07-24 12:00:00.033000+00:00,2.704e-06,-0.0004783681
2026-07-24 13:00:00.024000+00:00,9.945e-07,-0.0004920442
2026-07-24 14:00:00.060000+00:00,8.6012e-06,-0.0004311902
2026-07-24 15:00:00.053000+00:00,1.25e-05,-0.0003862574
2026-07-24 16:00:00.051000+00:00,1.25e-05,-0.0003740462
2026-07-24 17:00:00.029000+00:00,1.25e-05,-0.0003590565
2026-07-24 18:00:00.063000+00:00,8.8745e-06,-0.0004290044
2026-07-24 19:00:00.035000+00:00,4.0713e-06,-0.0004674294
2026-07-24 20:00:00.052000+00:00,4.1271e-06,-0.0004669831
2026-07-24 21:00:00.060000+00:00,1.2024e-05,-0.0004038081
2026-07-24 22:00:00.008000+00:00,1.19389e-05,-0.0004044891
2026-07-24 23:00:00.024000+00:00,1.25e-05,-0.0002957813
2026-07-25 00:00:00.066000+00:00,1.25e-05,-0.0003264382
2026-07-25 01:00:00.036000+00:00,1.25e-05,-0.0003251604
2026-07-25 02:00:00.050000+00:00,1.25e-05,-0.0003422837
2026-07-25 03:00:00.016000+00:00,1.25e-05,-0.0002544728
2026-07-25 04:00:00.036000+00:00,1.25e-05,-0.0002966214
2026-07-25 05:00:00.032000+00:00,1.25e-05,-0.0002603912
2026-07-25 06:00:00.063000+00:00,1.25e-05,-0.0002741208
2026-07-25 07:00:00.028000+00:00,1.25e-05,-0.0002966674
2026-07-25 08:00:00.047000+00:00,1.25e-05,-0.0003099364
2026-07-25 09:00:00.030000+00:00,1.25e-05,-0.0002944414
2026-07-25 10:00:00.040000+00:00,1.25e-05,-0.0002560138
2026-07-25 11:00:00.051000+00:00,1.25e-05,-0.0002951982
2026-07-25 12:00:00.058000+00:00,1.25e-05,-0.0003113661
2026-07-25 13:00:00.037000+00:00,1.25e-05,-0.0003145198
2026-07-25 14:00:00.001000+00:00,1.25e-05,-0.0003392162
2026-07-25 15:00:00.012000+00:00,1.25e-05,-0.0002938606
2026-07-25 16:00:00.062000+00:00,1.25e-05,-0.0002767013
2026-07-25 17:00:00.039000+00:00,1.25e-05,-0.0002650689
2026-07-25 18:00:00.031000+00:00,1.25e-05,-0.0003364918
2026-07-25 19:00:00.056000+00:00,1.25e-05,-0.0002761324
2026-07-25 20:00:00.057000+00:00,1.25e-05,-0.0002072214
2026-07-25 21:00:00.005000+00:00,1.25e-05,-0.0002149558
2026-07-25 22:00:00.002000+00:00,1.25e-05,-0.0002270231
2026-07-25 23:00:00.011000+00:00,1.25e-05,-0.0002767611
2026-07-26 00:00:00.055000+00:00,1.25e-05,-0.0003536327
2026-07-26 01:00:00.055000+00:00,1.25e-05,-0.0003703227
2026-07-26 02:00:00.111000+00:00,1.25e-05,-0.0002168784
2026-07-26 03:00:00.030000+00:00,1.25e-05,-0.000302483
2026-07-26 04:00:00.021000+00:00,1.25e-05,-0.0002701501
2026-07-26 05:00:00.034000+00:00,1.25e-05,-0.0002276539
2026-07-26 06:00:00.052000+00:00,1.25e-05,-0.0001924715
2026-07-26 07:00:00.060000+00:00,1.25e-05,-0.0001376765
2026-07-26 08:00:00.022000+00:00,1.25e-05,-0.0001683474
2026-07-26 09:00:00.063000+00:00,1.25e-05,-0.0001941107
2026-07-26 10:00:00.012000+00:00,1.25e-05,-0.000204945
2026-07-26 11:00:00.047000+00:00,1.25e-05,-6.61029e-05
2026-07-26 12:00:00.121000+00:00,1.25e-05,-6.03229e-05
2026-07-26 13:00:00.046000+00:00,1.25e-05,-0.0001009646
2026-07-26 14:00:00.019000+00:00,1.25e-05,-0.0001133662
2026-07-26 15:00:00.018000+00:00,1.25e-05,-6.34322e-05
2026-07-26 16:00:00.062000+00:00,1.25e-05,-8.33948e-05
2026-07-26 17:00:00.066000+00:00,1.25e-05,-8.44617e-05
2026-07-26 18:00:00.070000+00:00,1.25e-05,-3.30845e-05
2026-07-26 19:00:00.031000+00:00,1.25e-05,3.0541e-06
2026-07-26 20:00:00.057000+00:00,1.25e-05,-6.99313e-05
2026-07-26 21:00:00.001000+00:00,1.25e-05,-2.83813e-05
2026-07-26 22:00:00.023000+00:00,1.25e-05,-4.10726e-05
2026-07-26 23:00:00.005000+00:00,1.25e-05,-0.0002835637
2026-07-27 00:00:00.074000+00:00,1.25e-05,-0.0003673745
2026-07-27 01:00:00.022000+00:00,1.22918e-05,-0.0004016656
2026-07-27 02:00:00.111000+00:00,5.5592e-06,-0.0004555264
2026-07-27 03:00:00.017000+00:00,1.00847e-05,-0.0004193227
2026-07-27 04:00:00.014000+00:00,7.6608e-06,-0.0004387139
2026-07-27 05:00:00.040000+00:00,6.2187e-06,-0.0004502501
2026-07-27 06:00:00.021000+00:00,6.9856e-06,-0.0004441152
2026-07-27 07:00:00.052000+00:00,9.2088e-06,-0.0004263298
2026-07-27 08:00:00.015000+00:00,7.8938e-06,-0.0004368499
2026-07-27 09:00:00.005000+00:00,8.5523e-06,-0.0004315819
2026-07-27 10:00:00.038000+00:00,1.25e-05,-0.0003797312
2026-07-27 11:00:00.013000+00:00,1.25e-05,-0.00038027
2026-07-27 12:00:00.054000+00:00,1.25e-05,-0.0003773032
2026-07-27 13:00:00.017000+00:00,7.8271e-06,-0.0004373835
2026-07-27 14:00:00.021000+00:00,4.1875e-06,-0.0004664998
2026-07-27 15:00:00.018000+00:00,1.1776e-06,-0.0004905789
2026-07-27 16:00:00.017000+00:00,-1.09353e-05,-0.0005874822
2026-07-27 17:00:00.018000+00:00,-9.1296e-06,-0.0005730364
2026-07-27 18:00:00.035000+00:00,-1.04447e-05,-0.0005835576
2026-07-27 19:00:00.040000+00:00,-5.4063e-06,-0.0005432508
2026-07-27 20:00:00.016000+00:00,2.859e-07,-0.0004977124
2026-07-27 21:00:00.117000+00:00,9.3019e-06,-0.0004255846
2026-07-27 22:00:00.062000+00:00,1.25e-05,-0.0003873865
2026-07-27 23:00:00.059000+00:00,1.25e-05,-0.0003097859
2026-07-28 00:00:00.026000+00:00,1.25e-05,-0.0002967025
2026-07-28 01:00:00.044000+00:00,7.0731e-06,-0.0004434154
2026-07-28 02:00:00.059000+00:00,-8.1035e-06,-0.0005648283
2026-07-28 03:00:00.015000+00:00,-5.5851e-06,-0.0005446806
2026-07-28 04:00:00.006000+00:00,-3.976e-07,-0.0005031806
2026-07-28 05:00:00.046000+00:00,-7.3909e-06,-0.0005591274
2026-07-28 06:00:00.038000+00:00,-3.051e-06,-0.0005244079
2026-07-28 07:00:00.018000+00:00,3.6866e-06,-0.0004705069
2026-07-28 08:00:00.004000+00:00,6.4471e-06,-0.0004484229
2026-07-28 09:00:00.012000+00:00,1.6505e-06,-0.0004867958
2026-07-28 10:00:00.065000+00:00,-1.13938e-05,-0.0005911504
2026-07-28 11:00:00.046000+00:00,-6.7191e-06,-0.000553753
2026-07-28 12:00:00.028000+00:00,-4.7623e-06,-0.0005380984
2026-07-28 13:00:00.014000+00:00,-1.3751e-06,-0.000511001
2026-07-28 14:00:00.032000+00:00,5.3886e-06,-0.0004568909
2026-07-28 15:00:00.056000+00:00,5.9928e-06,-0.000452058
2026-07-28 16:00:00.052000+00:00,-3.2151e-06,-0.0005257209
2026-07-28 17:00:00.100000+00:00,5.4998e-06,-0.0004560019
2026-07-28 18:00:00.050000+00:00,1.0009e-05,-0.0004199283
2026-07-28 19:00:00.029000+00:00,8.8619e-06,-0.000429105
2026-07-28 20:00:00.046000+00:00,2.3127e-06,-0.0004814982
2026-07-28 21:00:00.006000+00:00,1.17024e-05,-0.0004063807
2026-07-28 22:00:00.009000+00:00,1.25e-05,-0.0003407264
2026-07-28 23:00:00.117000+00:00,1.25e-05,-0.0003321408
2026-07-29 00:00:00.066000+00:00,1.06032e-05,-0.0004151745
2026-07-29 01:00:00.023000+00:00,1.15876e-05,-0.0004072994
2026-07-29 02:00:00.013000+00:00,7.634e-06,-0.0004389282
2026-07-29 03:00:00.002000+00:00,3.145e-06,-0.0004748401
2026-07-29 04:00:00.027000+00:00,-5.5319e-06,-0.0005442554
2026-07-29 05:00:00.043000+00:00,-1.22425e-05,-0.0005979399
2026-07-29 06:00:00.033000+00:00,-1.38276e-05,-0.0006106209
2026-07-29 07:00:00.047000+00:00,-1.06754e-05,-0.0005854029
2026-07-29 08:00:00.009000+00:00,-2.30146e-05,-0.000684117
2026-07-29 09:00:00.043000+00:00,-2.31551e-05,-0.0006852412
2026-07-29 10:00:00.051000+00:00,-3.115e-05,-0.0007492002
2026-07-29 11:00:00.011000+00:00,-2.86577e-05,-0.0007292618
2026-07-29 12:00:00.040000+00:00,-1.8498e-05,-0.0006479841
2026-07-29 13:00:00.030000+00:00,-1.70129e-05,-0.0006361034
2026-07-29 14:00:00.028000+00:00,-1.02077e-05,-0.0005816615
2026-07-29 15:00:00.042000+00:00,-1.78018e-05,-0.0006424145
2026-07-29 16:00:00.011000+00:00,-2.01646e-05,-0.0006613165
2026-07-29 17:00:00.057000+00:00,-1.5926e-05,-0.0006274083
2026-07-29 18:00:00.021000+00:00,-6.0677e-06,-0.0005485419
2026-07-29 19:00:00.020000+00:00,-1.16895e-05,-0.0005935159
2026-07-29 20:00:00.045000+00:00,-1.50916e-05,-0.0006207327
2026-07-29 21:00:00.032000+00:00,-5.5744e-06,-0.000544595
2026-07-29 22:00:00.030000+00:00,-1.15918e-05,-0.0005927348
2026-07-29 23:00:00.078000+00:00,-1.42808e-05,-0.0006142463
2026-07-30 00:00:00.016000+00:00,-1.63035e-05,-0.000630428
2026-07-30 01:00:00.067000+00:00,-1.0554e-06,-0.0005084434
2026-07-30 02:00:00.024000+00:00,-1.9102e-06,-0.0005152814
2026-07-30 03:00:00.064000+00:00,-3.9309e-06,-0.0005314469
2026-07-30 04:00:00.061000+00:00,-2.4855e-06,-0.0005198839
2026-07-30 05:00:00.025000+00:00,-3.1793e-06,-0.0005254344
2026-07-30 06:00:00.057000+00:00,1.6116e-06,-0.0004871073
2026-07-30 07:00:00.041000+00:00,4.458e-06,-0.0004643357
2026-07-30 08:00:00.046000+00:00,9.0477e-06,-0.0004276182
2026-07-30 09:00:00.054000+00:00,1.25e-05,-0.0003651993
2026-07-30 10:00:00.067000+00:00,9.0869e-06,-0.0004273049
2026-07-30 11:00:00.013000+00:00,1.25e-05,-0.0003854024
2026-07-30 12:00:00.051000+00:00,1.25e-05,-0.0003847678
2026-07-30 13:00:00.020000+00:00,1.25e-05,-0.0003031821
2026-07-30 14:00:00.019000+00:00,1.25e-05,-0.0002664545
2026-07-30 15:00:00.013000+00:00,1.25e-05,-0.0002114975
2026-07-30 16:00:00.040000+00:00,1.25e-05,-0.0001625605
2026-07-30 17:00:00.060000+00:00,1.25e-05,-0.0002668676
2026-07-30 18:00:00.010000+00:00,1.25e-05,-0.0002900646
2026-07-30 19:00:00.002000+00:00,1.25e-05,-0.000308009
2026-07-30 20:00:00.025000+00:00,1.25e-05,-0.00026908
2026-07-30 21:00:00.008000+00:00,1.25e-05,-0.000325468
2026-07-30 22:00:00.003000+00:00,1.25e-05,-0.0003708362
2026-07-30 23:00:00.025000+00:00,1.25e-05,-0.0003643587
2026-07-31 00:00:00.072000+00:00,1.25e-05,-0.0002876651
2026-07-31 01:00:00.063000+00:00,1.18281e-05,-0.0004053753
2026-07-31 02:00:00.040000+00:00,1.25e-05,-0.0003831826
2026-07-31 03:00:00.044000+00:00,1.25e-05,-0.0003745272
2026-07-31 04:00:00.030000+00:00,1.25e-05,-0.0003792147
2026-07-31 05:00:00.038000+00:00,1.1712e-05,-0.0004063038
2026-07-31 06:00:00.055000+00:00,1.25e-05,-0.000380515
2026-07-31 07:00:00.009000+00:00,1.25e-05,-0.0003601349
2026-07-31 08:00:00.011000+00:00,1.25e-05,-0.0003839572
2026-07-31 09:00:00.061000+00:00,1.25e-05,-0.0003822576
2026-07-31 10:00:00.003000+00:00,1.25e-05,-0.000357942
2026-07-31 11:00:00.048000+00:00,1.25e-05,-0.0003807529
2026-07-31 12:00:00.019000+00:00,1.25e-05,-0.0003585804
2026-07-31 13:00:00.019000+00:00,1.25e-05,-0.0003376666
2026-07-31 14:00:00.016000+00:00,1.25e-05,-0.0002811761
2026-07-31 15:00:00.020000+00:00,9.6714e-06,-0.0004226285
2026-07-31 16:00:00.020000+00:00,1.02009e-05,-0.0004183926
2026-07-31 17:00:00.020000+00:00,1.1076e-05,-0.0004113917
2026-07-31 18:00:00.073000+00:00,1.25e-05,-0.0003877666
2026-07-31 19:00:00.025000+00:00,1.25e-05,-0.0003896755
2026-07-31 20:00:00.032000+00:00,5.8682e-06,-0.0004530547
2026-07-31 21:00:00.015000+00:00,1.25e-05,-0.0003284652
2026-07-31 22:00:00.004000+00:00,-4.4807e-06,-0.0005358456
2026-07-31 23:00:00.013000+00:00,1.4842e-06,-0.0004881263
2026-08-01 00:00:00.080000+00:00,1.25e-05,-0.0003938216
2026-08-01 01:00:00.003000+00:00,1.25e-05,-0.0003768124
2026-08-01 02:00:00.017000+00:00,1.0422e-05,-0.0004166241
2026-08-01 03:00:00.054000+00:00,5.5615e-06,-0.0004555077
2026-08-01 04:00:00.008000+00:00,5.2409e-06,-0.000458073
2026-08-01 05:00:00.065000+00:00,2.3402e-06,-0.0004812781
2026-08-01 06:00:00.017000+00:00,5.044e-06,-0.0004596483
2026-08-01 07:00:00.061000+00:00,1.12241e-05,-0.0004102075
2026-08-01 08:00:00+00:00,8.3044e-06,-0.0004335651
2026-08-01 09:00:00.035000+00:00,6.835e-07,-0.0004945324
2026-08-01 10:00:00.056000+00:00,-2.38864e-05,-0.0006910908
2026-08-01 11:00:00.029000+00:00,3.1987e-06,-0.0004744106
2026-08-01 12:00:00.034000+00:00,2.1109e-06,-0.0004831125
2026-08-01 13:00:00.036000+00:00,2.7726e-06,-0.000477819
2026-08-01 14:00:00.045000+00:00,-6.4566e-06,-0.0005516531
2026-08-01 15:00:00.003000+00:00,5.7697e-06,-0.0004538427
2026-08-01 16:00:00.043000+00:00,9.8782e-06,-0.0004209744
2026-08-01 17:00:00.022000+00:00,1.25e-05,-0.0003149129
2026-08-01 18:00:00.001000+00:00,1.2966e-06,-0.0004896273
2026-08-01 19:00:00.030000+00:00,-1.3995e-06,-0.000511196
2026-08-01 20:00:00.033000+00:00,1.08843e-05,-0.0004129259
2026-08-01 21:00:00.006000+00:00,1.25e-05,-0.0003438887
2026-08-01 22:00:00.018000+00:00,1.25e-05,-0.0003529513
2026-08-01 23:00:00.048000+00:00,1.25e-05,-0.0003891341
2026-08-02 00:00:00.059000+00:00,1.25e-05,-0.0003663793
2026-08-02 01:00:00.056000+00:00,1.25e-05,-0.0003578097
2026-08-02 02:00:00.002000+00:00,1.25e-05,-0.0003279019
2026-08-02 03:00:00.019000+00:00,1.25e-05,-0.000362091
2026-08-02 04:00:00.017000+00:00,1.0557e-05,-0.0004155442
2026-08-02 05:00:00.026000+00:00,1.25e-05,-0.0003139281
2026-08-02 06:00:00.014000+00:00,1.25e-05,-0.0003136722
2026-08-02 07:00:00.053000+00:00,1.25e-05,-0.0003609706
2026-08-02 08:00:00.020000+00:00,1.25e-05,-0.0003941451
2026-08-02 09:00:00.124000+00:00,1.02419e-05,-0.0004180648
2026-08-02 10:00:00.023000+00:00,1.25e-05,-0.0002776058
2026-08-02 11:00:00.055000+00:00,1.25e-05,-0.0003303101
2026-08-02 12:00:00.048000+00:00,1.25e-05,-0.0001797571
2026-08-02 13:00:00.004000+00:00,1.25e-05,-0.0001191649
2026-08-02 14:00:00.034000+00:00,1.25e-05,-0.0002035309
2026-08-02 15:00:00.048000+00:00,1.25e-05,-0.0001001729
2026-08-02 16:00:00.028000+00:00,1.25e-05,-3.53631e-05
2026-08-02 17:00:00.029000+00:00,1.25e-05,-6.32567e-05
2026-08-02 18:00:00.002000+00:00,1.25e-05,-2.19941e-05
2026-08-02 19:00:00.002000+00:00,1.25e-05,-2.76318e-05
2026-08-02 20:00:00.033000+00:00,1.25e-05,-2.40522e-05
2026-08-02 21:00:00.037000+00:00,1.25e-05,-3.4788e-06
2026-08-02 22:00:00.043000+00:00,1.25e-05,4.98185e-05
2026-08-02 23:00:00.033000+00:00,1.25e-05,-2.84032e-05
2026-08-03 00:00:00.028000+00:00,1.25e-05,-2.31125e-05
2026-08-03 01:00:00.062000+00:00,1.25e-05,5.3514e-06
2026-08-03 02:00:00.043000+00:00,1.25e-05,-1.35798e-05
2026-08-03 03:00:00.042000+00:00,1.25e-05,-9.2454e-06
2026-08-03 04:00:00.051000+00:00,1.25e-05,-6.296e-06
2026-08-03 05:00:00.017000+00:00,1.25e-05,-1.23238e-05
2026-08-03 06:00:00.062000+00:00,1.25e-05,-1.42751e-05
2026-08-03 07:00:00.026000+00:00,1.25e-05,-2.48527e-05
2026-08-03 08:00:00.042000+00:00,1.25e-05,-1.01892e-05
2026-08-03 09:00:00.041000+00:00,1.25e-05,4.5452e-06
2026-08-03 10:00:00.030000+00:00,1.25e-05,-4.6648e-06
2026-08-03 11:00:00.110000+00:00,1.25e-05,-7.569e-06
2026-08-03 12:00:00.055000+00:00,1.25e-05,-2.02212e-05
2026-08-03 13:00:00.036000+00:00,1.25e-05,-6.14095e-05
2026-08-03 14:00:00.010000+00:00,1.25e-05,-4.50048e-05
2026-08-03 15:00:00.047000+00:00,1.25e-05,-1.81449e-05
2026-08-03 16:00:00.039000+00:00,1.25e-05,-3.41671e-05
2026-08-03 17:00:00.017000+00:00,1.25e-05,-3.26811e-05
2026-08-03 18:00:00.004000+00:00,1.25e-05,-1.77091e-05
2026-08-03 19:00:00.127000+00:00,1.25e-05,-5.69319e-05
2026-08-03 20:00:00.020000+00:00,1.25e-05,-7.46181e-05
2026-08-03 21:00:00.021000+00:00,1.25e-05,-3.01934e-05
2026-08-03 22:00:00.018000+00:00,1.25e-05,-6.439e-06
2026-08-03 23:00:00.067000+00:00,1.25e-05,-2.8647e-06
2026-08-04 00:00:00.008000+00:00,1.25e-05,-7.92698e-05
2026-08-04 01:00:00.042000+00:00,1.25e-05,-5.03549e-05
2026-08-04 02:00:00.059000+00:00,1.25e-05,-4.94785e-05
2026-08-04 03:00:00.036000+00:00,1.25e-05,-2.58266e-05
2026-08-04 04:00:00.044000+00:00,1.25e-05,-2.92949e-05
2026-08-04 05:00:00.001000+00:00,1.25e-05,-1.72568e-05
2026-08-04 06:00:00.063000+00:00,1.25e-05,-2.12869e-05
2026-08-04 07:00:00.016000+00:00,1.25e-05,-2.44156e-05
2026-08-04 08:00:00.083000+00:00,1.25e-05,-3.52123e-05
2026-08-04 09:00:00.027000+00:00,1.25e-05,-2.99682e-05
2026-08-04 10:00:00.067000+00:00,1.25e-05,-9.64876e-05
2026-08-04 11:00:00.006000+00:00,1.25e-05,-6.1387e-05
2026-08-04 12:00:00.003000+00:00,1.25e-05,-2.83493e-05
2026-08-04 13:00:00.003000+00:00,1.25e-05,-1.23098e-05
2026-08-04 14:00:00.001000+00:00,1.25e-05,-6.9231e-06
2026-08-04 15:00:00.069000+00:00,1.25e-05,-6.3899e-06
2026-08-04 16:00:00.006000+00:00,1.25e-05,-4.4743e-06
2026-08-04 17:00:00.035000+00:00,1.25e-05,-8.30861e-05
2026-08-04 18:00:00.001000+00:00,1.25e-05,-0.0001250158
2026-08-04 19:00:00.033000+00:00,1.25e-05,-0.0001207604
2026-08-04 20:00:00.036000+00:00,1.25e-05,-5.24392e-05
2026-08-04 21:00:00.011000+00:00,1.25e-05,-2.14201e-05
2026-08-04 22:00:00.082000+00:00,1.25e-05,-4.74216e-05
2026-08-04 23:00:00.045000+00:00,1.25e-05,-6.90101e-05
2026-08-05 00:00:00.040000+00:00,1.25e-05,-0.0001564928
2026-08-05 01:00:00.007000+00:00,1.25e-05,-0.0001552758
2026-08-05 02:00:00.060000+00:00,1.25e-05,-0.0001084132
2026-08-05 03:00:00.032000+00:00,1.25e-05,-5.76075e-05
2026-08-05 04:00:00.019000+00:00,1.25e-05,-0.0001293435
2026-08-05 05:00:00.043000+00:00,1.25e-05,-0.0001483764
2026-08-05 06:00:00.010000+00:00,1.25e-05,-0.0001225764
2026-08-05 07:00:00.013000+00:00,1.25e-05,-0.0001848213
2026-08-05 08:00:00.065000+00:00,1.25e-05,-0.0002416314
2026-08-05 09:00:00.021000+00:00,1.25e-05,-0.0001578719
2026-08-05 10:00:00.029000+00:00,1.25e-05,-0.0001967638
2026-08-05 11:00:00.049000+00:00,1.25e-05,-0.0001215973
2026-08-05 12:00:00.016000+00:00,1.25e-05,-7.5655e-05
2026-08-05 13:00:00.061000+00:00,1.25e-05,-0.0001345632
2026-08-05 14:00:00.038000+00:00,1.25e-05,-0.0001619144
2026-08-05 15:00:00.063000+00:00,1.25e-05,-0.0002769074
2026-08-05 16:00:00.007000+00:00,1.25e-05,-0.0002934423
2026-08-05 17:00:00.068000+00:00,1.25e-05,-0.0003074885
2026-08-05 18:00:00.014000+00:00,1.25e-05,-0.0003740043
2026-08-05 19:00:00.133000+00:00,1.25e-05,-0.0003492749
2026-08-05 20:00:00.038000+00:00,1.25e-05,-0.0002838246
2026-08-05 21:00:00.016000+00:00,1.25e-05,-0.0002688591
2026-08-05 22:00:00.017000+00:00,1.25e-05,-0.000327277
2026-08-05 23:00:00.053000+00:00,1.25e-05,-0.0003876098
2026-08-06 00:00:00.034000+00:00,1.25e-05,-0.0003142632
2026-08-06 01:00:00.017000+00:00,1.25e-05,-0.000171759
2026-08-06 02:00:00.016000+00:00,1.25e-05,-0.0002116214
2026-08-06 03:00:00+00:00,1.25e-05,-0.0002075566
2026-08-06 04:00:00.043000+00:00,1.25e-05,-0.0002023041
2026-08-06 05:00:00.018000+00:00,1.25e-05,-0.0001874523
2026-08-06 06:00:00.018000+00:00,1.25e-05,-0.0002484626
2026-08-06 07:00:00.054000+00:00,1.25e-05,-0.0003443985
2026-08-06 08:00:00.053000+00:00,1.25e-05,-0.0003177237
2026-08-06 09:00:00.043000+00:00,1.25e-05,-0.0002852147
2026-08-06 10:00:00.057000+00:00,1.25e-05,-0.0003092829
2026-08-06 11:00:00.016000+00:00,1.25e-05,-0.0003239092
2026-08-06 12:00:00.044000+00:00,1.25e-05,-0.000363717
2026-08-06 13:00:00.075000+00:00,1.12815e-05,-0.0004097481
2026-08-06 14:00:00.005000+00:00,1.25e-05,-0.000386335
2026-08-06 15:00:00.061000+00:00,4.5304e-06,-0.0004637568
2026-08-06 16:00:00.013000+00:00,-9.85e-07,-0.0005078799
2026-08-06 17:00:00.090000+00:00,-1.819e-07,-0.0005014553
2026-08-06 18:00:00.024000+00:00,7.885e-06,-0.0004369198
2026-08-06 19:00:00.007000+00:00,1.02135e-05,-0.0004182923
2026-08-06 20:00:00.058000+00:00,2.6643e-06,-0.0004786858
2026-08-06 21:00:00.092000+00:00,4.9131e-06,-0.0004606949
2026-08-06 22:00:00.021000+00:00,1.25e-05,-0.0003925545
2026-08-06 23:00:00.017000+00:00,5.2103e-06,-0.0004583173
2026-08-07 00:00:00.071000+00:00,1.25e-05,-0.0003627081
2026-08-07 01:00:00.023000+00:00,1.25e-05,-0.000326595
2026-08-07 02:00:00.044000+00:00,1.25e-05,-0.0003552906
2026-08-07 03:00:00.048000+00:00,1.25e-05,-0.0003147378
2026-08-07 04:00:00+00:00,1.25e-05,-0.0003447073
2026-08-07 05:00:00.013000+00:00,1.15308e-05,-0.0004077536
2026-08-07 06:00:00.046000+00:00,9.7098e-06,-0.0004223212
2026-08-07 07:00:00.038000+00:00,1.25e-05,-0.000357475
2026-08-07 08:00:00.012000+00:00,1.25e-05,-0.0003781843
2026-08-07 09:00:00.017000+00:00,1.25e-05,-8.9148e-06
2026-08-07 10:00:00+00:00,1.25e-05,-1.64091e-05
2026-08-07 11:00:00.051000+00:00,1.25e-05,9.6044e-06
2026-08-07 12:00:00.050000+00:00,1.25e-05,2.24219e-05
2026-08-07 13:00:00.003000+00:00,1.25e-05,-1.19321e-05
2026-08-07 14:00:00.035000+00:00,1.25e-05,-7.49579e-05
2026-08-07 15:00:00.012000+00:00,1.25e-05,-0.0001306147
2026-08-07 16:00:00.008000+00:00,1.25e-05,-0.000109683
2026-08-07 17:00:00.017000+00:00,1.25e-05,-0.000129492
2026-08-07 18:00:00.061000+00:00,1.25e-05,-6.05347e-05
2026-08-07 19:00:00.031000+00:00,1.25e-05,-3.51647e-05
2026-08-07 20:00:00.028000+00:00,1.25e-05,-6.82775e-05
2026-08-07 21:00:00.024000+00:00,1.25e-05,-5.89638e-05
2026-08-07 22:00:00.013000+00:00,1.25e-05,-5.47128e-05
2026-08-07 23:00:00.070000+00:00,1.25e-05,-7.9949e-05
2026-08-08 00:00:00.060000+00:00,1.25e-05,-5.69438e-05
2026-08-08 01:00:00.011000+00:00,1.25e-05,-7.71872e-05
2026-08-08 02:00:00.046000+00:00,1.25e-05,-0.0002745309
2026-08-08 03:00:00.038000+00:00,1.25e-05,-0.0002503329
2026-08-08 04:00:00.048000+00:00,1.25e-05,-0.0002165417
2026-08-08 05:00:00.025000+00:00,1.25e-05,-0.0002675984
2026-08-08 06:00:00.010000+00:00,1.25e-05,-0.0002556449
2026-08-08 07:00:00.028000+00:00,1.25e-05,-0.000171152
2026-08-08 08:00:00.037000+00:00,1.25e-05,-0.0001203283
2026-08-08 09:00:00.020000+00:00,1.25e-05,-7.87407e-05
2026-08-08 10:00:00.032000+00:00,1.25e-05,-0.0001612328
2026-08-08 11:00:00.028000+00:00,1.25e-05,-4.7006e-05
2026-08-08 12:00:00.039000+00:00,1.25e-05,-8.27014e-05
2026-08-08 13:00:00.048000+00:00,1.25e-05,-6.66839e-05
2026-08-08 14:00:00.061000+00:00,1.25e-05,-2.26219e-05
2026-08-08 15:00:00.039000+00:00,1.25e-05,-5.45171e-05
2026-08-08 16:00:00.048000+00:00,1.25e-05,-0.0001632989
2026-08-08 17:00:00.045000+00:00,1.25e-05,-0.0001136777
2026-08-08 18:00:00.001000+00:00,1.25e-05,-0.0001978695
2026-08-08 19:00:00.054000+00:00,1.25e-05,-6.80244e-05
2026-08-08 20:00:00.029000+00:00,1.25e-05,-0.0001041849
2026-08-08 21:00:00.040000+00:00,1.25e-05,-2.54327e-05
2026-08-08 22:00:00.055000+00:00,1.25e-05,-0.0001009183
2026-08-08 23:00:00.029000+00:00,1.25e-05,-0.0001292164
2026-08-09 00:00:00.006000+00:00,1.25e-05,-0.0001085728
2026-08-09 01:00:00.048000+00:00,1.25e-05,-1.64319e-05
2026-08-09 02:00:00.010000+00:00,1.25e-05,-4.087e-05
2026-08-09 03:00:00.022000+00:00,1.25e-05,-1.53796e-05
2026-08-09 04:00:00.019000+00:00,1.25e-05,-0.0001059986
2026-08-09 05:00:00.037000+00:00,1.25e-05,-2.89084e-05
2026-08-09 06:00:00.035000+00:00,1.25e-05,-9.88312e-05
2026-08-09 07:00:00.066000+00:00,1.25e-05,-3.62853e-05
2026-08-09 08:00:00.003000+00:00,1.25e-05,-2.20634e-05
2026-08-09 09:00:00.034000+00:00,1.25e-05,-7.183e-07
2026-08-09 10:00:00.046000+00:00,1.25e-05,-0.0001021887
2026-08-09 11:00:00.046000+00:00,1.25e-05,-3.67925e-05
2026-08-09 12:00:00.041000+00:00,1.25e-05,-1.34883e-05
2026-08-09 13:00:00.020000+00:00,1.25e-05,-9.82682e-05
2026-08-09 14:00:00.018000+00:00,1.25e-05,-0.0001126702
2026-08-09 15:00:00.054000+00:00,1.25e-05,-0.0002027681
2026-08-09 16:00:00.032000+00:00,1.25e-05,-0.0002639293
2026-08-09 17:00:00.013000+00:00,1.25e-05,-0.0002331276
2026-08-09 18:00:00.017000+00:00,1.25e-05,-0.0003609714
2026-08-09 19:00:00.035000+00:00,1.25e-05,-0.0002669802
2026-08-09 20:00:00.032000+00:00,1.25e-05,-0.0001546047
2026-08-09 21:00:00.021000+00:00,1.25e-05,-0.0001412625
2026-08-09 22:00:00.020000+00:00,1.25e-05,-0.0001848043
2026-08-09 23:00:00.017000+00:00,1.25e-05,-0.0001899513
2026-08-10 00:00:00.029000+00:00,1.25e-05,-0.0001060295
2026-08-10 01:00:00.030000+00:00,1.25e-05,-7.0686e-05
2026-08-10 02:00:00.015000+00:00,1.25e-05,-0.0002432009
2026-08-10 03:00:00.079000+00:00,1.05517e-05,-0.000415586
2026-08-10 04:00:00.005000+00:00,9.4948e-06,-0.0004240417
2026-08-10 05:00:00.028000+00:00,1.25e-05,-0.0003241501
2026-08-10 06:00:00.066000+00:00,1.25e-05,-0.0002961759
2026-08-10 07:00:00.068000+00:00,1.25e-05,-0.0003204635
2026-08-10 08:00:00.043000+00:00,1.25e-05,-0.000267085
2026-08-10 09:00:00.010000+00:00,1.25e-05,-0.0002286384
2026-08-10 10:00:00.067000+00:00,1.25e-05,-0.0002007414
2026-08-10 11:00:00.043000+00:00,1.25e-05,-0.0001723782
2026-08-10 12:00:00.013000+00:00,1.25e-05,-0.0002047762
2026-08-10 13:00:00.029000+00:00,1.25e-05,-0.0001763951
2026-08-10 14:00:00.065000+00:00,1.25e-05,-0.0001497614
2026-08-10 15:00:00.001000+00:00,1.25e-05,-9.50867e-05
2026-08-10 16:00:00.020000+00:00,1.25e-05,-0.0001778044
2026-08-10 17:00:00.047000+00:00,1.25e-05,-0.000348998
2026-08-10 18:00:00.012000+00:00,9.0888e-06,-0.0004272894
2026-08-10 19:00:00.045000+00:00,1.10918e-05,-0.0004112659
2026-08-10 20:00:00.074000+00:00,-5.184e-06,-0.0005414724
2026-08-10 21:00:00.052000+00:00,2.852e-06,-0.0004771841
2026-08-10 22:00:00.028000+00:00,1.25e-05,-0.0003282296
2026-08-10 23:00:00.066000+00:00,1.8915e-06,-0.0004848683
2026-08-11 00:00:00.019000+00:00,-6.73e-07,-0.0005053842
2026-08-11 01:00:00.033000+00:00,1.25e-05,-0.0001958711
2026-08-11 02:00:00.013000+00:00,1.25e-05,-0.0002585968
2026-08-11 03:00:00.120000+00:00,1.25e-05,-0.0003173018
2026-08-11 04:00:00.086000+00:00,1.25e-05,-0.000397964
2026-08-11 05:00:00.010000+00:00,9.2243e-06,-0.0004262054
2026-08-11 06:00:00.024000+00:00,8.5006e-06,-0.0004319953
2026-08-11 07:00:00.002000+00:00,-3.2092e-06,-0.0005256734
2026-08-11 08:00:00.091000+00:00,-5.9894e-06,-0.0005479151
2026-08-11 09:00:00.123000+00:00,6.202e-07,-0.000495038
2026-08-11 10:00:00.054000+00:00,1.19124e-05,-0.0004047011
2026-08-11 11:00:00.035000+00:00,1.25e-05,-0.0003675437
2026-08-11 12:00:00.025000+00:00,1.25e-05,-0.0003459195
2026-08-11 13:00:00.053000+00:00,9.0395e-06,-0.0004276843
2026-08-11 14:00:00.065000+00:00,1.25e-05,-0.0002590239
2026-08-11 15:00:00.033000+00:00,1.25e-05,-0.0001989611
2026-08-11 16:00:00.039000+00:00,1.25e-05,-0.0002854463
2026-08-11 17:00:00.008000+00:00,1.25e-05,-0.0003927286
2026-08-11 18:00:00.017000+00:00,1.25e-05,-0.0003645969
2026-08-11 19:00:00.065000+00:00,8.2122e-06,-0.0004343021
2026-08-11 20:00:00.007000+00:00,1.07298e-05,-0.0004141616
2026-08-11 21:00:00.039000+00:00,9.7516e-06,-0.000421987
2026-08-11 22:00:00.006000+00:00,1.25e-05,-0.0003553976
2026-08-11 23:00:00.043000+00:00,1.25e-05,-0.0003965799
2026-08-12 00:00:00.012000+00:00,1.25e-05,-0.0003802567
2026-08-12 01:00:00.060000+00:00,1.25e-05,-8.93772e-05
2026-08-12 02:00:00.027000+00:00,1.25e-05,-9.45707e-05
2026-08-12 03:00:00.031000+00:00,1.25e-05,-0.0001046717
2026-08-12 04:00:00.057000+00:00,1.25e-05,-0.0001459885
2026-08-12 05:00:00.031000+00:00,1.25e-05,-0.0002334179
2026-08-12 06:00:00.069000+00:00,1.25e-05,-9.75212e-05
2026-08-12 07:00:00.076000+00:00,1.25e-05,-0.0003632035
2026-08-12 08:00:00.044000+00:00,-6.5556e-06,-0.0005524447
2026-08-12 09:00:00.033000+00:00,6.2638e-06,-0.00044989
2026-08-12 10:00:00.035000+00:00,4.1634e-06,-0.0004666926
2026-08-12 11:00:00.013000+00:00,3.7516e-06,-0.0004699869
2026-08-12 12:00:00.003000+00:00,1.21562e-05,-0.0004027502
2026-08-12 13:00:00.045000+00:00,1.13883e-05,-0.0004088937
2026-08-12 14:00:00.026000+00:00,1.24273e-05,-0.0004005819
2026-08-12 15:00:00.037000+00:00,9.4324e-06,-0.0004245409
2026-08-12 16:00:00.020000+00:00,5.7023e-06,-0.0004543819
2026-08-12 17:00:00.021000+00:00,7.8947e-06,-0.0004368427
2026-08-12 18:00:00.049000+00:00,2.9206e-06,-0.0004766348
2026-08-12 19:00:00.060000+00:00,5.2082e-06,-0.0004583345
2026-08-12 20:00:00.062000+00:00,7.1649e-06,-0.000442681
2026-08-12 21:00:00.071000+00:00,7.2754e-06,-0.0004417965
2026-08-12 22:00:00.056000+00:00,7.5049e-06,-0.0004399604
2026-08-12 23:00:00.064000+00:00,2.6531e-06,-0.0004787749
2026-08-13 00:00:00.046000+00:00,1.8262e-06,-0.0004853905
2026-08-13 01:00:00.018000+00:00,3.9213e-06,-0.0004686297
2026-08-13 02:00:00.072000+00:00,1.25e-05,-0.0003957552
2026-08-13 03:00:00.097000+00:00,1.24819e-05,-0.0004001452
2026-08-13 04:00:00.123000+00:00,1.25e-05,-0.0003982609
2026-08-13 05:00:00.043000+00:00,1.25e-05,-0.0003973316
2026-08-13 06:00:00.032000+00:00,1.25e-05,-0.0003650874
2026-08-13 07:00:00.024000+00:00,6.7623e-06,-0.0004459015
2026-08-13 08:00:00.011000+00:00,3.0496e-06,-0.0004756029
2026-08-13 09:00:00.047000+00:00,4.7707e-06,-0.0004618346
2026-08-13 10:00:00.040000+00:00,3.5582e-06,-0.0004715342
2026-08-13 11:00:00.125000+00:00,8.2702e-06,-0.0004338386
2026-08-13 12:00:00.048000+00:00,5.2291e-06,-0.000458167
2026-08-13 13:00:00.026000+00:00,5.9434e-06,-0.0004524528
2026-08-13 14:00:00.026000+00:00,5.942e-06,-0.0004524642
2026-08-13 15:00:00.005000+00:00,1.25e-05,-0.0003562996
2026-08-13 16:00:00.072000+00:00,1.25e-05,-0.000347086
2026-08-13 17:00:00.027000+00:00,1.25e-05,-0.000329391
2026-08-13 18:00:00.032000+00:00,1.25e-05,-0.0002307196
2026-08-13 19:00:00.022000+00:00,1.25e-05,-0.0001696518
2026-08-13 20:00:00.056000+00:00,1.25e-05,-0.0001609896
2026-08-13 21:00:00.006000+00:00,1.25e-05,-1.91565e-05
2026-08-13 22:00:00.055000+00:00,1.25e-05,-3.89316e-05
2026-08-13 23:00:00.040000+00:00,1.25e-05,-6.47592e-05
2026-08-14 00:00:00.060000+00:00,1.25e-05,-9.74383e-05
2026-08-14 01:00:00.013000+00:00,1.25e-05,1.08259e-05
2026-08-14 02:00:00.047000+00:00,1.25e-05,-1.76998e-05
2026-08-14 03:00:00.046000+00:00,1.25e-05,-7.18448e-05
2026-08-14 04:00:00.050000+00:00,1.25e-05,-4.92295e-05
2026-08-14 05:00:00.014000+00:00,1.25e-05,-1.14219e-05
2026-08-14 06:00:00.046000+00:00,1.25e-05,-3.45107e-05
2026-08-14 07:00:00.020000+00:00,1.25e-05,3.17094e-05
2026-08-14 08:00:00.030000+00:00,1.25e-05,6.41392e-05
2026-08-14 09:00:00.057000+00:00,1.25e-05,1.60945e-05
2026-08-14 10:00:00.038000+00:00,1.25e-05,1.85174e-05
2026-08-14 11:00:00.029000+00:00,1.25e-05,7.95982e-05
2026-08-14 12:00:00.062000+00:00,1.25e-05,7.78261e-05
2026-08-14 13:00:00.063000+00:00,1.25e-05,5.51603e-05
2026-08-14 14:00:00.048000+00:00,1.25e-05,1.56973e-05
2026-08-14 15:00:00.028000+00:00,1.25e-05,7.5859e-06
2026-08-14 16:00:00.013000+00:00,1.25e-05,-3.37705e-05
2026-08-14 17:00:00.010000+00:00,1.25e-05,-4.61883e-05
2026-08-14 18:00:00.038000+00:00,1.25e-05,-6.67488e-05
2026-08-14 19:00:00.057000+00:00,1.25e-05,-0.0001133885
2026-08-14 20:00:00.048000+00:00,1.25e-05,-0.0002043772
2026-08-14 21:00:00.016000+00:00,1.25e-05,-0.0001555442
2026-08-14 22:00:00.052000+00:00,1.25e-05,-0.0003250665
2026-08-14 23:00:00.048000+00:00,1.25e-05,-0.000220373
2026-08-15 00:00:00.032000+00:00,1.25e-05,-0.0002809794
2026-08-15 01:00:00.063000+00:00,1.25e-05,-0.0002265378
2026-08-15 02:00:00.031000+00:00,1.25e-05,-0.0001473912
2026-08-15 03:00:00.040000+00:00,1.25e-05,-0.000143342
2026-08-15 04:00:00.026000+00:00,1.25e-05,-0.0001912077
2026-08-15 05:00:00.075000+00:00,1.25e-05,-0.0001372716
2026-08-15 06:00:00.058000+00:00,1.25e-05,-0.0002320156
2026-08-15 07:00:00.046000+00:00,1.25e-05,-0.0001388077
2026-08-15 08:00:00.048000+00:00,1.25e-05,-0.0002659117
2026-08-15 09:00:00.009000+00:00,1.25e-05,-0.0001577461
2026-08-15 10:00:00.038000+00:00,1.25e-05,-0.0001886241
2026-08-15 11:00:00.009000+00:00,1.25e-05,-0.0001274372
2026-08-15 12:00:00.003000+00:00,1.25e-05,-4.24868e-05
2026-08-15 13:00:00.064000+00:00,1.25e-05,-8.09178e-05
2026-08-15 14:00:00.035000+00:00,1.25e-05,-6.44778e-05
2026-08-15 15:00:00.026000+00:00,1.25e-05,-2.03596e-05
2026-08-15 16:00:00.025000+00:00,1.25e-05,-7.40241e-05
2026-08-15 17:00:00.049000+00:00,1.25e-05,-0.0001046792
2026-08-15 18:00:00.053000+00:00,1.25e-05,-0.0002217948
2026-08-15 19:00:00.035000+00:00,1.23723e-05,-0.0004010219
2026-08-15 20:00:00.048000+00:00,6.821e-06,-0.0004454319
2026-08-15 21:00:00.042000+00:00,1.25e-05,-0.0002200164
2026-08-15 22:00:00.030000+00:00,1.25e-05,-0.0001580687
2026-08-15 23:00:00.020000+00:00,1.25e-05,-0.000145123
2026-08-16 00:00:00.059000+00:00,1.25e-05,-0.0002527951
2026-08-16 01:00:00.030000+00:00,1.25e-05,-0.0003750341
2026-08-16 02:00:00.028000+00:00,1.25e-05,-0.0003737091
2026-08-16 03:00:00.043000+00:00,1.25e-05,-0.0002370085
2026-08-16 04:00:00.072000+00:00,1.25e-05,-0.0001839021
2026-08-16 05:00:00.022000+00:00,1.25e-05,-0.0001621342
2026-08-16 06:00:00.092000+00:00,1.25e-05,-0.0001164319
2026-08-16 07:00:00.086000+00:00,1.25e-05,-0.0001734129
2026-08-16 08:00:00.034000+00:00,1.25e-05,-0.0001404772
2026-08-16 09:00:00.012000+00:00,1.25e-05,-0.0001960724
2026-08-16 10:00:00.004000+00:00,1.25e-05,-0.0002281771
2026-08-16 11:00:00.134000+00:00,1.25e-05,-0.0001900877
2026-08-16 12:00:00.014000+00:00,1.25e-05,-0.0002066898
2026-08-16 13:00:00.034000+00:00,1.25e-05,-0.0002249304
2026-08-16 14:00:00.046000+00:00,1.25e-05,-0.0002616368
2026-08-16 15:00:00.056000+00:00,1.25e-05,-0.0003674597
2026-08-16 16:00:00.003000+00:00,1.23438e-05,-0.0004012499
2026-08-16 17:00:00.005000+00:00,1.25e-05,-0.0003628082
2026-08-16 18:00:00.030000+00:00,1.25e-05,-0.000252361
2026-08-16 19:00:00.057000+00:00,1.25e-05,-0.0002348349
2026-08-16 20:00:00.038000+00:00,1.25e-05,-0.0003592565
2026-08-16 21:00:00.030000+00:00,1.25e-05,-0.0003294232
2026-08-16 22:00:00.053000+00:00,1.25e-05,-0.0003347828
2026-08-16 23:00:00.029000+00:00,1.25e-05,-0.0003199355
2026-08-17 00:00:00.025000+00:00,1.25e-05,-0.0002860982
2026-08-17 01:00:00.034000+00:00,1.25e-05,-0.0002704423
2026-08-17 02:00:00.055000+00:00,1.25e-05,-0.0002665764
2026-08-17 03:00:00.039000+00:00,1.25e-05,-0.000333505
2026-08-17 04:00:00.011000+00:00,1.25e-05,-0.0003142857
2026-08-17 05:00:00.046000+00:00,1.25e-05,-0.0003730453
2026-08-17 06:00:00.026000+00:00,1.25e-05,-0.0002797165
2026-08-17 07:00:00.030000+00:00,1.25e-05,-0.0002416302
2026-08-17 08:00:00.026000+00:00,1.25e-05,-0.0002512102
2026-08-17 09:00:00.049000+00:00,1.25e-05,-0.0002953711
2026-08-17 10:00:00.068000+00:00,1.25e-05,-0.0002689233
2026-08-17 11:00:00.045000+00:00,1.25e-05,-0.0003503844
2026-08-17 12:00:00.013000+00:00,1.25e-05,-0.00036543
2026-08-17 13:00:00.064000+00:00,1.25e-05,-0.000285249
2026-08-17 14:00:00.067000+00:00,1.25e-05,-0.0002624724
2026-08-17 15:00:00.001000+00:00,4.6693e-06,-0.0004626453
2026-08-17 16:00:00.046000+00:00,5.7399e-06,-0.0004540808
2026-08-17 17:00:00.061000+00:00,7.7184e-06,-0.0004382528
2026-08-17 18:00:00.005000+00:00,5.2884e-06,-0.0004576927
2026-08-17 19:00:00.018000+00:00,3.5611e-06,-0.0004715111
2026-08-17 20:00:00.034000+00:00,9.38e-06,-0.0004249599
2026-08-17 21:00:00.020000+00:00,1.07464e-05,-0.0004140288
2026-08-17 22:00:00.010000+00:00,1.25e-05,-0.0003235173
2026-08-17 23:00:00.046000+00:00,1.25e-05,-0.0003810778
2026-08-18 00:00:00.058000+00:00,1.23309e-05,-0.0004013526
2026-08-18 01:00:00.012000+00:00,1.25e-05,-0.0003600645
2026-08-18 02:00:00.015000+00:00,1.25e-05,-0.0003384197
2026-08-18 03:00:00.001000+00:00,1.17886e-05,-0.000405691
2026-08-18 04:00:00.049000+00:00,9.5058e-06,-0.0004239539
2026-08-18 05:00:00.016000+00:00,7.8796e-06,-0.000436963
2026-08-18 06:00:00.017000+00:00,6.3786e-06,-0.0004489712
2026-08-18 07:00:00.068000+00:00,5.6381e-06,-0.0004548953
2026-08-18 08:00:00.049000+00:00,5.8005e-06,-0.000453596
2026-08-18 09:00:00.052000+00:00,5.593e-06,-0.0004552562
2026-08-18 10:00:00.049000+00:00,9.7233e-06,-0.0004222137
2026-08-18 11:00:00.026000+00:00,9.9217e-06,-0.0004206262
2026-08-18 12:00:00.045000+00:00,6.5802e-06,-0.0004473583
2026-08-18 13:00:00.003000+00:00,2.4662e-06,-0.0004802706
2026-08-18 14:00:00.021000+00:00,-6.4286e-06,-0.0005514286
2026-08-18 15:00:00.028000+00:00,-1.1867e-06,-0.0005094939
2026-08-18 16:00:00.001000+00:00,1.04804e-05,-0.0004161572
2026-08-18 17:00:00.026000+00:00,2.8901e-06,-0.000476879
2026-08-18 18:00:00.011000+00:00,6.5395e-06,-0.0004476841
2026-08-18 19:00:00.048000+00:00,1.25e-05,-0.0003870076
2026-08-18 20:00:00.006000+00:00,1.25e-05,-0.0003509359
2026-08-18 21:00:00.097000+00:00,1.25e-05,-0.0003556814
2026-08-18 22:00:00.016000+00:00,9.8686e-06,-0.0004210512
2026-08-18 23:00:00.008000+00:00,6.0978e-06,-0.000451218
2026-08-19 00:00:00.012000+00:00,1.04628e-05,-0.0004162974
2026-08-19 01:00:00.055000+00:00,-1.21747e-05,-0.0005973978
2026-08-19 02:00:00.016000+00:00,1.9841e-06,-0.0004841274
2026-08-19 03:00:00.047000+00:00,4.3821e-06,-0.0004649436
2026-08-19 04:00:00.009000+00:00,8.5196e-06,-0.0004318432
2026-08-19 05:00:00.008000+00:00,1.25e-05,-0.0003746963
2026-08-19 06:00:00.051000+00:00,7.0922e-06,-0.0004432623
2026-08-19 07:00:00.034000+00:00,1.25e-05,-0.0003986893
2026-08-19 08:00:00.027000+00:00,1.25e-05,-0.0003189669
2026-08-19 09:00:00.036000+00:00,1.00787e-05,-0.0004193707
2026-08-19 10:00:00.003000+00:00,9.6854e-06,-0.0004225166
2026-08-19 11:00:00.030000+00:00,1.25e-05,-0.0003781804
2026-08-19 12:00:00.059000+00:00,1.25e-05,-0.0003802838
2026-08-19 13:00:00.021000+00:00,1.25e-05,-0.0003994532
2026-08-19 14:00:00.018000+00:00,1.25e-05,-0.000214231
2026-08-19 15:00:00.007000+00:00,1.25e-05,-0.0003437552
2026-08-19 16:00:00.035000+00:00,1.25e-05,-0.0002644932
2026-08-19 17:00:00.001000+00:00,1.25e-05,-0.0002943534
2026-08-19 18:00:00.043000+00:00,1.25e-05,-0.0003970032
2026-08-19 19:00:00.035000+00:00,1.25e-05,-0.0003620173
2026-08-19 20:00:00.063000+00:00,1.25e-05,-0.0003808229
2026-08-19 21:00:00.026000+00:00,1.25e-05,-0.0003760757
2026-08-19 22:00:00.044000+00:00,1.25e-05,-0.0001232045
2026-08-19 23:00:00.004000+00:00,1.25e-05,-0.0001267
2026-08-20 00:00:00.002000+00:00,1.25e-05,-0.0001167326
2026-08-20 01:00:00.057000+00:00,3.1678e-06,-0.0004746579
2026-08-20 02:00:00.030000+00:00,8.8073e-06,-0.0004295417
2026-08-20 03:00:00.020000+00:00,1.22722e-05,-0.0004018222
2026-08-20 04:00:00.058000+00:00,1.25e-05,-0.0003559869
2026-08-20 05:00:00.050000+00:00,1.25e-05,-0.0002953387
2026-08-20 06:00:00.012000+00:00,1.25e-05,-0.000241388
2026-08-20 07:00:00.099000+00:00,1.25e-05,-0.0002206824
2026-08-20 08:00:00.040000+00:00,1.25e-05,-0.000342843
2026-08-20 09:00:00.047000+00:00,1.25e-05,-0.0003854667
2026-08-20 10:00:00.051000+00:00,2.723e-06,-0.0004782159
2026-08-20 11:00:00.038000+00:00,5.556e-07,-0.0004955553
2026-08-20 12:00:00.015000+00:00,6.3413e-06,-0.00044927
2026-08-20 13:00:00.021000+00:00,4.3833e-06,-0.0004649338
2026-08-20 14:00:00.021000+00:00,7.5523e-06,-0.0004395812
2026-08-20 15:00:00.042000+00:00,7.4583e-06,-0.0004403336
2026-08-20 16:00:00.047000+00:00,1.04854e-05,-0.0004161166
2026-08-20 17:00:00.009000+00:00,5.1629e-06,-0.0004586968
2026-08-20 18:00:00.076000+00:00,7.0048e-06,-0.0004439614
2026-08-20 19:00:00.031000+00:00,7.0485e-06,-0.0004436121
2026-08-20 20:00:00.001000+00:00,1.09417e-05,-0.0004124663
2026-08-20 21:00:00.054000+00:00,9.1231e-06,-0.0004270151
2026-08-20 22:00:00.058000+00:00,1.12428e-05,-0.0004100574
2026-08-20 23:00:00.039000+00:00,1.25e-05,-0.0003533426
2026-08-21 00:00:00.024000+00:00,1.25e-05,-0.0003405006
2026-08-21 01:00:00.054000+00:00,1.25e-05,-0.000369832
2026-08-21 02:00:00.048000+00:00,1.25e-05,-0.0003473959
2026-08-21 03:00:00.027000+00:00,1.25e-05,-0.0003537118
2026-08-21 04:00:00.009000+00:00,9.7275e-06,-0.0004221802
2026-08-21 05:00:00.060000+00:00,1.25e-05,-0.0003769876
2026-08-21 06:00:00.076000+00:00,1.25e-05,-0.0003556379
2026-08-21 07:00:00.033000+00:00,5.5824e-06,-0.0004553407
2026-08-21 08:00:00.016000+00:00,8.3117e-06,-0.0004335061
2026-08-21 09:00:00.050000+00:00,1.25e-05,-0.0003372358
2026-08-21 10:00:00.041000+00:00,1.25e-05,-0.0002673794
2026-08-21 11:00:00.054000+00:00,1.25e-05,-0.0003428763
2026-08-21 12:00:00.051000+00:00,1.25e-05,-0.0003172543
2026-08-21 13:00:00.021000+00:00,1.25e-05,-0.0001200305
2026-08-21 14:00:00.026000+00:00,1.25e-05,-0.0001692334
2026-08-21 15:00:00.009000+00:00,1.25e-05,-0.0001831999
2026-08-21 16:00:00.031000+00:00,1.25e-05,-0.0001869947
2026-08-21 17:00:00.024000+00:00,1.25e-05,-0.0002068337
2026-08-21 18:00:00.013000+00:00,1.25e-05,-0.0002733218
2026-08-21 19:00:00.035000+00:00,1.15051e-05,-0.0004079588
2026-08-21 20:00:00.041000+00:00,1.25e-05,-0.0003977966
2026-08-21 21:00:00.063000+00:00,1.25e-05,-0.0003749678
2026-08-21 22:00:00.068000+00:00,1.25e-05,-0.0001781937
2026-08-21 23:00:00.016000+00:00,1.25e-05,0.0001797815
2026-08-22 00:00:00.028000+00:00,1.25e-05,0.0001901749
2026-08-22 01:00:00.065000+00:00,1.25e-05,0.0002302181
2026-08-22 02:00:00.021000+00:00,1.25e-05,0.0002282489
2026-08-22 03:00:00.014000+00:00,1.25e-05,0.0002850249
2026-08-22 04:00:00.035000+00:00,1.25e-05,0.0004015753
2026-08-22 05:00:00.032000+00:00,1.25e-05,0.0005684378
2026-08-22 06:00:00.054000+00:00,1.25e-05,0.0003263009
2026-08-22 07:00:00.006000+00:00,1.25e-05,0.0003361649
2026-08-22 08:00:00.038000+00:00,1.25e-05,0.0002021624
2026-08-22 09:00:00.006000+00:00,1.25e-05,0.0003087198
2026-08-22 10:00:00.059000+00:00,1.25e-05,7.39087e-05
2026-08-22 11:00:00.030000+00:00,1.25e-05,1.30637e-05
2026-08-22 12:00:00.042000+00:00,1.25e-05,7.69617e-05
2026-08-22 13:00:00.069000+00:00,1.25e-05,0.0001350305
2026-08-22 14:00:00.013000+00:00,1.25e-05,0.0001941529
2026-08-22 15:00:00.030000+00:00,1.25e-05,0.0001517127
2026-08-22 16:00:00.054000+00:00,1.25e-05,0.0002282611
2026-08-22 17:00:00.039000+00:00,1.25e-05,0.0002180714
2026-08-22 18:00:00.048000+00:00,1.25e-05,0.000187204
2026-08-22 19:00:00.029000+00:00,1.25e-05,0.0002150962
2026-08-22 20:00:00.015000+00:00,1.25e-05,0.0001665566
2026-08-22 21:00:00.018000+00:00,1.25e-05,0.0002185884
2026-08-22 22:00:00.064000+00:00,1.25e-05,0.0001827456
2026-08-22 23:00:00.035000+00:00,1.25e-05,0.000342371
2026-08-23 00:00:00.018000+00:00,1.25e-05,0.0003631568
2026-08-23 01:00:00.043000+00:00,1.25e-05,0.0001450703
2026-08-23 02:00:00.032000+00:00,1.25e-05,0.0001769991
2026-08-23 03:00:00.028000+00:00,1.25e-05,0.0001953541
2026-08-23 04:00:00.018000+00:00,1.25e-05,0.0001480423
2026-08-23 05:00:00.062000+00:00,1.25e-05,0.0002363117
2026-08-23 06:00:00.028000+00:00,1.25e-05,0.0002156823
2026-08-23 07:00:00.026000+00:00,1.25e-05,8.64501e-05
2026-08-23 08:00:00.061000+00:00,1.25e-05,8.83677e-05
2026-08-23 09:00:00.034000+00:00,1.25e-05,0.0001427079
2026-08-23 10:00:00.004000+00:00,1.25e-05,9.12669e-05
2026-08-23 11:00:00.022000+00:00,1.25e-05,2.85351e-05
2026-08-23 12:00:00.030000+00:00,1.25e-05,-0.0001916405
2026-08-23 13:00:00.067000+00:00,1.25e-05,-0.0003007313
2026-08-23 14:00:00.112000+00:00,1.25e-05,-0.0003108651
2026-08-23 15:00:00.014000+00:00,1.25e-05,-0.0002371607
2026-08-23 16:00:00.081000+00:00,1.25e-05,-0.0003596634
2026-08-23 17:00:00.049000+00:00,1.25e-05,-0.0003506792
2026-08-23 18:00:00.010000+00:00,1.25e-05,-0.0002202192
2026-08-23 19:00:00.007000+00:00,1.25e-05,-0.0003170561
2026-08-23 20:00:00.052000+00:00,1.25e-05,-0.00036428
2026-08-23 21:00:00.055000+00:00,9.2751e-06,-0.0004257995
2026-08-23 22:00:00.072000+00:00,1.25e-05,-0.0003248217
2026-08-23 23:00:00.063000+00:00,1.25e-05,-0.0001524067
2026-08-24 00:00:00.082000+00:00,1.25e-05,-0.0001799469
2026-08-24 01:00:00.038000+00:00,1.25e-05,-4.65923e-05
2026-08-24 02:00:00.042000+00:00,1.25e-05,-3.97198e-05
2026-08-24 03:00:00.074000+00:00,1.25e-05,-5.2913e-05
2026-08-24 04:00:00.019000+00:00,1.25e-05,-4.10468e-05
2026-08-24 05:00:00.070000+00:00,1.25e-05,-6.44811e-05
2026-08-24 06:00:00.057000+00:00,1.25e-05,-2.68767e-05
2026-08-24 07:00:00.028000+00:00,1.25e-05,1.65662e-05
2026-08-24 08:00:00.005000+00:00,1.25e-05,-1.59079e-05
2026-08-24 09:00:00.013000+00:00,1.25e-05,-7.85581e-05
2026-08-24 10:00:00.056000+00:00,1.25e-05,-2.82116e-05
2026-08-24 11:00:00.088000+00:00,1.25e-05,-1.16173e-05
2026-08-24 12:00:00.085000+00:00,1.25e-05,-9.6823e-06
2026-08-24 13:00:00.041000+00:00,1.25e-05,4.01344e-05
2026-08-24 14:00:00.060000+00:00,1.25e-05,1.21334e-05
2026-08-24 15:00:00.026000+00:00,1.25e-05,2.91981e-05
2026-08-24 16:00:00.005000+00:00,1.25e-05,-1.79587e-05
2026-08-24 17:00:00.093000+00:00,1.25e-05,-5.17429e-05
2026-08-24 18:00:00.008000+00:00,1.25e-05,-8.12882e-05
2026-08-24 19:00:00.031000+00:00,1.25e-05,-5.40768e-05
2026-08-24 20:00:00.030000+00:00,1.25e-05,-0.0001392242
2026-08-24 21:00:00.009000+00:00,1.25e-05,-6.89263e-05
2026-08-24 22:00:00.032000+00:00,1.25e-05,-2.0683e-06
2026-08-24 23:00:00.041000+00:00,1.25e-05,1.70009e-05
2026-08-25 00:00:00.004000+00:00,1.25e-05,4.63116e-05
2026-08-25 01:00:00.045000+00:00,1.25e-05,7.67304e-05
2026-08-25 02:00:00.006000+00:00,1.25e-05,8.58599e-05
2026-08-25 03:00:00.017000+00:00,1.25e-05,8.3209e-06
2026-08-25 04:00:00.028000+00:00,1.25e-05,-4.4732e-06
2026-08-25 05:00:00.025000+00:00,1.25e-05,-1.35482e-05
2026-08-25 06:00:00.001000+00:00,1.25e-05,0.0001085816
2026-08-25 07:00:00.025000+00:00,1.25e-05,9.0886e-05
2026-08-25 08:00:00.008000+00:00,1.25e-05,-4.14454e-05
2026-08-25 09:00:00.046000+00:00,1.25e-05,-7.74794e-05
2026-08-25 10:00:00.015000+00:00,1.25e-05,-7.43686e-05
2026-08-25 11:00:00.008000+00:00,1.25e-05,-0.0001525285
2026-08-25 12:00:00.027000+00:00,1.25e-05,-0.0001387549
2026-08-25 13:00:00.038000+00:00,1.25e-05,-0.0002091684
2026-08-25 14:00:00.013000+00:00,1.25e-05,-0.0003252107
2026-08-25 15:00:00.026000+00:00,1.25e-05,-0.0002715226
2026-08-25 16:00:00.058000+00:00,1.11076e-05,-0.000411139
2026-08-25 17:00:00.010000+00:00,4.2024e-06,-0.0004663807
2026-08-25 18:00:00.007000+00:00,1.365e-07,-0.0004989077
2026-08-25 19:00:00.134000+00:00,1.15815e-05,-0.0004073479
2026-08-25 20:00:00.049000+00:00,2.6933e-06,-0.0004784535
2026-08-25 21:00:00.059000+00:00,1.25e-05,-0.0003577923
2026-08-25 22:00:00.005000+00:00,1.1568e-06,-0.0004907453
2026-08-25 23:00:00.001000+00:00,-3.2116e-06,-0.0005256931
2026-08-26 00:00:00.048000+00:00,-5.7718e-06,-0.0005461743
2026-08-26 01:00:00.049000+00:00,2.3103e-06,-0.0004815173
2026-08-26 02:00:00.048000+00:00,1.25e-05,-0.0003680767
2026-08-26 03:00:00.037000+00:00,1.25e-05,-0.0003053388
2026-08-26 04:00:00.048000+00:00,1.25e-05,-0.0003266952
2026-08-26 05:00:00.049000+00:00,7.7712e-06,-0.0004378308
2026-08-26 06:00:00.008000+00:00,9.0653e-06,-0.0004274778
